{
  "curve_label": "y^2=x^3+-7x+-6",
  "conductor": 0,
  "rank": 0,
  "n_fourier_modes": 15,
  "matrix_dim": 345,
  "eigenvalues": [
    -1.3378980873885784,
    -1.100895438890624,
    -0.9899365522289113,
    -0.7437415244675634,
    -0.6364327324850125,
    -0.5545654995541871,
    -0.2309991549179671,
    0.09809986403736246,
    0.12642386488682397,
    0.1264238648868241,
    0.12642386488682414,
    0.12642386488682414,
    0.1264238648868244,
    0.16210195728260302,
    0.3991046057805574,
    0.41588847472142354,
    0.4705828192471915,
    0.5100634924422711,
    0.6014269319339405,
    0.7562585202036203,
    0.8359687417911027,
    0.8635673121861704,
    0.9454345451169958,
    1.2690008897532126,
    1.4177241958373241,
    1.5980999087085455,
    1.6264239095580044,
    1.6264239095580053,
    1.6264239095580062,
    1.6264239095580064,
    1.6264239095580066,
    1.6435592358536373,
    1.9158885193926039,
    1.9705828639183725,
    2.0026140196212543,
    2.1014269766051212,
    2.1588500967951876,
    2.3359687864622853,
    2.6621019912874493,
    2.8991046397854037,
    2.917724240508508,
    3.0100635264471167,
    3.044109471744936,
    3.1435592805248205,
    3.2562585542084674,
    3.3635673461910116,
    3.4454345791218395,
    3.502614064292435,
    3.6588501414663672,
    3.769000923758052,
    3.773520135700959,
    4.098099942713393,
    4.1264239435628465,
    4.126423943562851,
    4.126423943562854,
    4.126423943562854,
    4.126423943562855,
    4.415888553397449,
    4.4705828979232205,
    4.54410951641613,
    4.60142701060997,
    4.835968820467123,
    5.273520180372142,
    5.417724274513349,
    5.643559314529663,
    6.002614098297279,
    6.158850175471213,
    6.16210201354938,
    6.399104662047335,
    6.510063548709043,
    6.756258576470405,
    6.863567368452935,
    6.945434601383772,
    7.044109550420967,
    7.269000946019984,
    7.598099964975325,
    7.626423965824773,
    7.626423965824774,
    7.626423965824779,
    7.626423965824781,
    7.626423965824781,
    7.7735202143769815,
    7.915888575659376,
    7.970582920185146,
    8.1014270328719,
    8.335968842729054,
    8.917724296775274,
    9.143559336791593,
    9.50261412055922,
    9.658850197733136,
    10.544109572682892,
    10.662102049737456,
    10.899104698235389,
    11.010063584897123,
    11.256258612658476,
    11.273520236638912,
    11.363567404641019,
    11.44543463757184,
    11.76900098220805,
    12.098100001163381,
    12.12642400201283,
    12.126424002012843,
    12.126424002012843,
    12.126424002012845,
    12.126424002012858,
    12.415888611847436,
    12.470582956373223,
    12.601427069059957,
    12.835968878917129,
    13.417724332963342,
    13.643559372979672,
    14.00261415674729,
    14.158850233921218,
    15.044109608870958,
    15.773520272826989,
    16.162102099784637,
    16.399104748282603,
    16.510063634944323,
    16.756258662705676,
    16.863567454688187,
    16.945434687619027,
    17.26900103225522,
    17.59810005121058,
    17.62642405206002,
    17.626424052060027,
    17.626424052060027,
    17.626424052060038,
    17.626424052060045,
    17.915888661894602,
    17.9705830064204,
    18.101427119107154,
    18.335968928964345,
    18.917724383010537,
    19.14355942302685,
    19.502614206794455,
    19.65885028396841,
    20.544109658918156,
    21.273520322874187,
    22.662102100768813,
    22.899104749266773,
    23.010063635928486,
    23.256258663689845,
    23.36356745567236,
    23.445434688603193,
    23.76900103323938,
    24.098100052194763,
    24.126424053044186,
    24.126424053044186,
    24.126424053044207,
    24.12642405304423,
    24.126424053044232,
    24.415888662878793,
    24.47058300740456,
    24.601427120091312,
    24.835968929948514,
    25.4177243839947,
    25.643559424011016,
    26.00261420777863,
    26.158850284952575,
    27.044109659902336,
    27.773520323858374,
    30.16210227674195,
    30.399104925239886,
    30.510063811901624,
    30.756258839662976,
    30.863567631645495,
    30.945434864576335,
    31.269001209212487,
    31.598100228167905,
    31.626424229017314,
    31.626424229017328,
    31.626424229017335,
    31.626424229017342,
    31.62642422901736,
    31.915888838851934,
    31.97058318337771,
    32.10142729606442,
    32.33596910592162,
    32.91772455996785,
    33.143559599984165,
    33.50261438375178,
    33.658850460925684,
    34.54410983587548,
    35.27352049983148,
    38.66210231046563,
    38.89910495896362,
    39.010063845625304,
    39.2562588733867,
    39.363567665369196,
    39.44543489830007,
    39.769001242936255,
    40.09810026189161,
    40.126424262740976,
    40.12642426274099,
    40.12642426274101,
    40.126424262741025,
    40.12642426274106,
    40.415888872575614,
    40.47058321710137,
    40.60142732978813,
    40.83596913964526,
    41.417724593691545,
    41.643559633707866,
    42.00261441747546,
    42.15885049464935,
    43.04410986959915,
    43.77352053355521,
    48.162102286801215,
    48.39910493529915,
    48.51006382196091,
    48.756258849722244,
    48.863567641704826,
    48.94543487463563,
    49.26900121927177,
    49.59810023822717,
    49.62642423907658,
    49.626424239076584,
    49.62642423907659,
    49.626424239076606,
    49.62642423907662,
    49.91588884891115,
    49.97058319343695,
    50.101427306123746,
    50.335969115980916,
    50.91772457002712,
    51.14355961004344,
    51.50261439381105,
    51.65885047098495,
    52.544109845934784,
    53.27352050989075,
    58.66210227939425,
    58.89910492789218,
    59.01006381455386,
    59.256258842315226,
    59.363567634297816,
    59.445434867228585,
    59.769001211864754,
    60.09810023082014,
    60.126424231669525,
    60.126424231669525,
    60.12642423166959,
    60.1264242316696,
    60.12642423166961,
    60.415888841504135,
    60.47058318602993,
    60.60142729871669,
    60.83596910857381,
    61.41772456262004,
    61.64355960263635,
    62.002614386404034,
    62.15885046357794,
    63.04410983852774,
    63.77352050248373,
    70.16210229645012,
    70.39910494494805,
    70.5100638316098,
    70.75625885937119,
    70.86356765135372,
    70.94543488428448,
    71.26900122892067,
    71.59810024787606,
    71.62642424872544,
    71.62642424872544,
    71.62642424872546,
    71.62642424872554,
    71.62642424872554,
    71.91588885855998,
    71.97058320308588,
    72.10142731577257,
    72.33596912562973,
    72.91772457967596,
    73.1435596196923,
    73.50261440345999,
    73.65885048063384,
    74.54410985558364,
    75.27352051953964,
    82.66210228130547,
    82.89910492980336,
    83.01006381646508,
    83.2562588442265,
    83.36356763620893,
    83.4454348691398,
    83.76900121377585,
    84.0981002327313,
    84.1264242335807,
    84.12642423358075,
    84.12642423358076,
    84.1264242335808,
    84.12642423358082,
    84.41588884341522,
    84.4705831879411,
    84.60142730062795,
    84.83596911048494,
    85.41772456453127,
    85.64355960454762,
    86.00261438831527,
    86.15885046548905,
    87.04410984043896,
    87.77352050439504,
    96.16210227327304,
    96.39910492177088,
    96.51006380843269,
    96.75625883619415,
    96.86356762817664,
    96.9454348611074,
    97.26900120574352,
    97.59810022469897,
    97.62642422554826,
    97.62642422554833,
    97.62642422554833,
    97.62642422554835,
    97.62642422554853,
    97.91588883538293,
    97.97058317990873,
    98.10142729259543,
    98.33596910245268,
    98.91772455649868,
    99.14355959651519,
    99.50261438028292,
    99.6588504574567,
    100.54410983240665,
    101.2735204963624,
    110.6621022629017,
    110.89910491139963,
    111.01006379806134,
    111.2562588258228,
    111.36356761780526,
    111.44543485073612,
    111.76900119537216,
    112.09810021432764,
    112.12642421517688,
    112.12642421517694,
    112.12642421517698,
    112.12642421517705,
    112.1264242151771,
